<?xml version="1.0" encoding="utf-8" ?>
<dwsync>
<file name="exito.html" server="C:/AppServ/www/gamers_paradise/" local="130123427070506510" remote="130123427070000000" Dst="0" />
<file name="gamers-paradise.komodoproject" server="C:/AppServ/www/gamers_paradise/" local="130123427070526511" remote="130123427070000000" Dst="0" />
<file name="instrucciones2.html" server="C:/AppServ/www/gamers_paradise/" local="130123427071376559" remote="130123427070000000" Dst="0" />
<file name="prelike.html" server="C:/AppServ/www/gamers_paradise/" local="130123427071406561" remote="130123427070000000" Dst="0" />
<file name="README.md" server="C:/AppServ/www/gamers_paradise/" local="130123427070006481" remote="130123427070000000" Dst="0" />
<file name="instrucciones.php" server="C:/AppServ/www/gamers_paradise/" local="130126426023422378" remote="130126426020000000" Dst="0" />
<file name=".gitignore" server="C:/AppServ/www/gamers_paradise/" local="130126441974004581" remote="130126441970000000" Dst="0" />
<file name="gamers_paradise.ste" server="C:/AppServ/www/gamers_paradise/" local="130126324966760135" remote="130126324960000000" Dst="0" />
<file name="instrucciones.html" server="C:/AppServ/www/gamers_paradise/" local="130126337301875663" remote="130126337300000000" Dst="0" />
<file name="prelike.php" server="C:/AppServ/www/gamers_paradise/" local="130126324968050209" remote="130126324960000000" Dst="0" />
<file name="untitled.php" server="C:/AppServ/www/gamers_paradise/" local="130126333825186808" remote="130126333820000000" Dst="0" />
</dwsync>