<?xml version="1.0" encoding="utf-8" ?>
<dwsync>
<<<<<<< HEAD
<file name="User.php" server="C:/AppServ/www/gamers_paradise/" local="130135933795572164" remote="130135933790000000" Dst="0" />
<file name="DBConnection.php" server="C:/AppServ/www/gamers_paradise/" local="130126034360000000" remote="130126034360000000" Dst="0" />
<file name="Choice.php" server="C:/AppServ/www/gamers_paradise/" local="130134929898737918" remote="130134929890000000" Dst="0" />
<file name="ChoiceGame.php" server="C:/AppServ/www/gamers_paradise/" local="130134930405296891" remote="130134930400000000" Dst="0" />
<file name="Console.php" server="C:/AppServ/www/gamers_paradise/" local="130134923265968545" remote="130134923260000000" Dst="0" />
<file name="Contestant.php" server="C:/AppServ/www/gamers_paradise/" local="130134929279162480" remote="130134929270000000" Dst="0" />
<file name="Game.php" server="C:/AppServ/www/gamers_paradise/" local="130134953498387740" remote="130134953490000000" Dst="0" />
<file name="GameConstestant.php" server="C:/AppServ/www/gamers_paradise/" local="130134930880584076" remote="130134930880000000" Dst="0" />
<<<<<<< HEAD
<file name="Question.php" server="C:/AppServ/www/gamers_paradise/" local="130134936342896502" remote="130134936340000000" Dst="0" />
<file name="Choice.php" server="C:/AppServ/www/gamersparadise/" local="130135664848702115" remote="130135664840000000" Dst="0" />
<file name="ChoiceGame.php" server="C:/AppServ/www/gamersparadise/" local="130135664848712156" remote="130135664840000000" Dst="0" />
<file name="Console.php" server="C:/AppServ/www/gamersparadise/" local="130135664848732170" remote="130135664840000000" Dst="0" />
<file name="Contestant.php" server="C:/AppServ/www/gamersparadise/" local="130135664848742166" remote="130135664840000000" Dst="0" />
<file name="DBConnection.php" server="C:/AppServ/www/gamersparadise/" local="130135664848752150" remote="130135664840000000" Dst="0" />
<file name="Game.php" server="C:/AppServ/www/gamersparadise/" local="130135664848772197" remote="130135664840000000" Dst="0" />
<file name="GameConstestant.php" server="C:/AppServ/www/gamersparadise/" local="130135664848782189" remote="130135664840000000" Dst="0" />
<file name="Question.php" server="C:/AppServ/www/gamersparadise/" local="130135664848792177" remote="130135664840000000" Dst="0" />
<file name="User.php" server="C:/AppServ/www/gamersparadise/" local="130135664848802186" remote="130135664840000000" Dst="0" />
=======
<file name="Question.php" server="C:/AppServ/www/gamers_paradise/" local="130135913718223806" remote="130135913710000000" Dst="0" />
=======
<file name="User.php" server="C:/AppServ/www/gamers_paradise/" local="130135035208273228" remote="130135035200000000" Dst="0" />
<file name="DBConnection.php" server="C:/AppServ/www/gamers_paradise/" local="130126324966620127" remote="130126324960000000" Dst="0" />
<file name="Choice.php" server="C:/AppServ/www/gamers_paradise/" local="130135035208113219" remote="130135035200000000" Dst="0" />
<file name="ChoiceGame.php" server="C:/AppServ/www/gamers_paradise/" local="130135035208133220" remote="130135035200000000" Dst="0" />
<file name="Console.php" server="C:/AppServ/www/gamers_paradise/" local="130135035208153221" remote="130135035200000000" Dst="0" />
<file name="Contestant.php" server="C:/AppServ/www/gamers_paradise/" local="130135035208183223" remote="130135035200000000" Dst="0" />
<file name="Game.php" server="C:/AppServ/www/gamers_paradise/" local="130135035208193223" remote="130135035200000000" Dst="0" />
<file name="GameConstestant.php" server="C:/AppServ/www/gamers_paradise/" local="130135035208213225" remote="130135035200000000" Dst="0" />
<file name="Question.php" server="C:/AppServ/www/gamers_paradise/" local="130135035208233226" remote="130135035200000000" Dst="0" />
>>>>>>> 2208e2d12d43d4ab391e32671abfd179996b142d
>>>>>>> 90f8df2b9aef43952e168a773044eca3a5a50b10
</dwsync>