<?xml version="1.0" encoding="utf-8" ?>
<dwsync>
<file name="Verlag-Black.otf" server="C:/AppServ/www/gamers_paradise/" local="130126324968350226" remote="130126324960000000" Dst="0" />
<file name="Verlag-BlackItalic.otf" server="C:/AppServ/www/gamers_paradise/" local="130126324968540237" remote="130126324960000000" Dst="0" />
<file name="Verlag-Bold.otf" server="C:/AppServ/www/gamers_paradise/" local="130126324968660244" remote="130126324960000000" Dst="0" />
<file name="Verlag-BoldItalic.otf" server="C:/AppServ/www/gamers_paradise/" local="130126324968830253" remote="130126324960000000" Dst="0" />
<file name="Verlag-Book.otf" server="C:/AppServ/www/gamers_paradise/" local="130126324968930259" remote="130126324960000000" Dst="0" />
<file name="Verlag-BookItalic.otf" server="C:/AppServ/www/gamers_paradise/" local="130126324969030265" remote="130126324960000000" Dst="0" />
<file name="Verlag-Light.otf" server="C:/AppServ/www/gamers_paradise/" local="130126324969220276" remote="130126324960000000" Dst="0" />
<file name="Verlag-LightItalic.otf" server="C:/AppServ/www/gamers_paradise/" local="130126324969310281" remote="130126324960000000" Dst="0" />
<file name="Verlag-XLight.otf" server="C:/AppServ/www/gamers_paradise/" local="130126324969370284" remote="130126324960000000" Dst="0" />
<file name="Verlag-XLightItalic.otf" server="C:/AppServ/www/gamers_paradise/" local="130126324969750306" remote="130126324960000000" Dst="0" />
</dwsync>