<?xml version="1.0" encoding="utf-8" ?>
<dwsync>
<<<<<<< HEAD
<file name="exito.html" server="C:/AppServ/www/gamers_paradise/" local="130123427070506510" remote="130123427070000000" Dst="0" />
<file name="gamers-paradise.komodoproject" server="C:/AppServ/www/gamers_paradise/" local="130123427070526511" remote="130123427070000000" Dst="0" />
<file name="gamers_paradise.ste" server="C:/AppServ/www/gamers_paradise/" local="130126324966760135" remote="130126324960000000" Dst="0" />
<file name="README.md" server="C:/AppServ/www/gamers_paradise/" local="130123427070006481" remote="130123427070000000" Dst="0" />
<file name=".gitignore" server="C:/AppServ/www/gamers_paradise/" local="130140974316950602" remote="130140974310000000" Dst="0" />
<file name="prelike.php" server="C:/AppServ/www/gamers_paradise/" local="130126324968050209" remote="130126324960000000" Dst="0" />
<file name="instrucciones.php" server="C:/AppServ/www/gamers_paradise/" local="130126426023422378" remote="130126426020000000" Dst="0" />
<file name="1305_v1.zip" server="C:/AppServ/www/gamers_paradise/" local="130129622847188950" remote="130129622840000000" Dst="0" />
<file name="games.json" server="C:/AppServ/www/gamers_paradise/" local="130140974318410686" remote="130140974310000000" Dst="0" />
<file name="process-json.php" server="C:/AppServ/www/gamers_paradise/" local="130135035208753256" remote="130135035200000000" Dst="0" />
=======
<<<<<<< HEAD
<file name="exito.html" server="C:/AppServ/www/gamers_paradise/" local="130126317689764113" remote="130126317680000000" Dst="0" />
<file name="gamers-paradise.komodoproject" server="C:/AppServ/www/gamers_paradise/" local="130126317689784114" remote="130126317680000000" Dst="0" />
<file name="gamers_paradise.ste" server="C:/AppServ/www/gamers_paradise/" local="130126317689804115" remote="130126317680000000" Dst="0" />
<file name="README.md" server="C:/AppServ/www/gamers_paradise/" local="130126317688854061" remote="130126317680000000" Dst="0" />
<file name=".gitignore" server="C:/AppServ/www/gamers_paradise/" local="130140967887359614" remote="130140967880000000" Dst="0" />
<file name="prelike.php" server="C:/AppServ/www/gamers_paradise/" local="130126317690214139" remote="130126317690000000" Dst="0" />
<file name="instrucciones.php" server="C:/AppServ/www/gamers_paradise/" local="130140781396272934" remote="130140781390000000" Dst="0" />
<file name="1305_v1.zip" server="C:/AppServ/www/gamers_paradise/" local="130140781392702730" remote="130140781390000000" Dst="0" />
<file name="games.json" server="C:/AppServ/www/gamers_paradise/" local="130140959031513089" remote="130140959030000000" Dst="0" />
<file name="process-json.php" server="C:/AppServ/www/gamers_paradise/" local="130140781396292935" remote="130140781390000000" Dst="0" />
=======
<file name="exito.html" server="C:/AppServ/www/gamers_paradise/" local="130135877731235468" remote="130135877730000000" Dst="0" />
<file name="gamers-paradise.komodoproject" server="C:/AppServ/www/gamers_paradise/" local="130124545287512014" remote="130124545280000000" Dst="0" />
<file name="gamers_paradise.ste" server="C:/AppServ/www/gamers_paradise/" local="130124635820430201" remote="130124635820000000" Dst="0" />
<file name="README.md" server="C:/AppServ/www/gamers_paradise/" local="130124545287272001" remote="130124545280000000" Dst="0" />
<file name=".gitignore" server="C:/AppServ/www/gamers_paradise/" local="130140966085643782" remote="130140966080000000" Dst="0" />
<file name="prelike.php" server="C:/AppServ/www/gamers_paradise/" local="130126315116091334" remote="130126315110000000" Dst="0" />
<file name="instrucciones.php" server="C:/AppServ/www/gamers_paradise/" local="130126340669832925" remote="130126340660000000" Dst="0" />
<file name="1305_v1.zip" server="C:/AppServ/www/gamers_paradise/" local="130130690984339067" remote="130130690980000000" Dst="0" />
<file name="games.json" server="C:/AppServ/www/gamers_paradise/" local="130140956685426120" remote="130140956680000000" Dst="0" />
<file name="process-json.php" server="C:/AppServ/www/gamers_paradise/" local="130134967730441767" remote="130134967730000000" Dst="0" />
>>>>>>> 8550a5f38f274e8dae7989452147264b932a77e8
>>>>>>> b75fb3a4a1144d14505bbcbda3a3bae47b74a352
<file name=".gitignore" server="C:/AppServ/www/gamersparadise/" local="130135664846550707" remote="130135664840000000" Dst="0" />
<file name="1305_v1.zip" server="C:/AppServ/www/gamersparadise/" local="130135664846900964" remote="130135664840000000" Dst="0" />
<file name="exito.html" server="C:/AppServ/www/gamersparadise/" local="130135664848862259" remote="130135664840000000" Dst="0" />
<file name="gamers-paradise.komodoproject" server="C:/AppServ/www/gamersparadise/" local="130135664848872263" remote="130135664840000000" Dst="0" />
<file name="gamers_paradise.ste" server="C:/AppServ/www/gamersparadise/" local="130135664848882268" remote="130135664840000000" Dst="0" />
<file name="games.json" server="C:/AppServ/www/gamersparadise/" local="130135664848912290" remote="130135664840000000" Dst="0" />
<file name="instrucciones.php" server="C:/AppServ/www/gamersparadise/" local="130135664849562703" remote="130135664840000000" Dst="0" />
<file name="prelike.php" server="C:/AppServ/www/gamersparadise/" local="130135664849672774" remote="130135664840000000" Dst="0" />
<file name="process-json.php" server="C:/AppServ/www/gamersparadise/" local="130135664849682779" remote="130135664840000000" Dst="0" />
<file name="README.md" server="C:/AppServ/www/gamersparadise/" local="130135664847011015" remote="130135664840000000" Dst="0" />
<<<<<<< HEAD
=======
<<<<<<< HEAD
<file name="2405_v1.zip" server="C:/AppServ/www/gamers_paradise/" local="130139250516092390" remote="130139250510000000" Dst="0" />
<file name="Consolas.txt" server="C:/AppServ/www/gamers_paradise/" local="130139249556707517" remote="130139249550000000" Dst="0" />
<file name="encuesta.php" server="C:/AppServ/www/gamers_paradise/" local="130140937259535022" remote="130140937250000000" Dst="0" />
<file name="sugerencias.php" server="C:/AppServ/www/gamers_paradise/" local="130140966812855376" remote="130140966810000000" Dst="0" />
<file name="admin-games.txt" server="C:/AppServ/www/gamers_paradise/" local="130139828627587024" remote="130139828620000000" Dst="0" />
<file name="consoles.json" server="C:/AppServ/www/gamers_paradise/" local="130139783179387536" remote="130139783170000000" Dst="0" />
<file name="sidebar.php" server="C:/AppServ/www/gamers_paradise/" local="130140972166771602" remote="130140972160000000" Dst="0" />
<file name="calls.php" server="C:/AppServ/www/gamers_paradise/" local="130140892756909618" remote="130140892750000000" Dst="0" />
<file name="encuesta2.php" server="C:/AppServ/www/gamers_paradise/" local="130140928577108416" remote="130140928570000000" Dst="0" />
<file name="juego.php" server="C:/AppServ/www/gamers_paradise/" local="130140970000000000" remote="130140970000000000" Dst="0" />
=======
<<<<<<< HEAD
>>>>>>> b75fb3a4a1144d14505bbcbda3a3bae47b74a352
<file name="2405_v1.zip" server="C:/AppServ/www/gamers_paradise/" local="130138915549251117" remote="130138915540000000" Dst="0" />
<file name="Consolas.txt" server="C:/AppServ/www/gamers_paradise/" local="130139797207435738" remote="130139797200000000" Dst="0" />
<file name="encuesta.php" server="C:/AppServ/www/gamers_paradise/" local="130140975328228444" remote="130140975320000000" Dst="0" />
<file name="sugerencias.php" server="C:/AppServ/www/gamers_paradise/" local="130140974319040722" remote="130140974310000000" Dst="0" />
<file name="admin-games.txt" server="C:/AppServ/www/gamers_paradise/" local="130139922867502483" remote="130139922860000000" Dst="0" />
<file name="consoles.json" server="C:/AppServ/www/gamers_paradise/" local="130139922868702552" remote="130139922860000000" Dst="0" />
<file name="calls.php" server="C:/AppServ/www/gamers_paradise/" local="130140842641103850" remote="130140842640000000" Dst="0" />
<file name="sidebar.php" server="C:/AppServ/www/gamers_paradise/" local="130140988638789764" remote="130140988630000000" Dst="0" />
<file name="encuesta2.php" server="C:/AppServ/www/gamers_paradise/" local="130140934392885436" remote="130140934390000000" Dst="0" />
<<<<<<< HEAD
=======
=======
<file name="2405_v1.zip" server="C:/AppServ/www/gamers_paradise/" local="130140781393232760" remote="130140781390000000" Dst="0" />
<file name="Consolas.txt" server="C:/AppServ/www/gamers_paradise/" local="130140781393332766" remote="130140781390000000" Dst="0" />
<file name="encuesta.php" server="C:/AppServ/www/gamers_paradise/" local="130140943201937689" remote="130140943200000000" Dst="0" />
<file name="sugerencias.php" server="C:/AppServ/www/gamers_paradise/" local="130140925290783229" remote="130140925290000000" Dst="0" />
<file name="admin-games.txt" server="C:/AppServ/www/gamers_paradise/" local="130140781393442772" remote="130140781390000000" Dst="0" />
<file name="consoles.json" server="C:/AppServ/www/gamers_paradise/" local="130140781394132812" remote="130140781390000000" Dst="0" />
<file name="sidebar.php" server="C:/AppServ/www/gamers_paradise/" local="130140943202247706" remote="130140943200000000" Dst="0" />
<file name="calls.php" server="C:/AppServ/www/gamers_paradise/" local="130140914993884280" remote="130140914990000000" Dst="0" />
<file name="encuesta2.php" server="C:/AppServ/www/gamers_paradise/" local="130140943201977691" remote="130140943200000000" Dst="0" />
>>>>>>> 05acc1aae7b04c6119e40e850775152e7fb45971
>>>>>>> d67e28f131bfd0eda2d5181a9cf5b48c1de5b0a7
>>>>>>> b75fb3a4a1144d14505bbcbda3a3bae47b74a352
</dwsync>