<?xml version="1.0" encoding="utf-8" ?>
<dwsync>
<file name="exito.html" server="C:/AppServ/www/gamers_paradise/" local="130124545287502014" remote="130124545280000000" Dst="0" />
<file name="gamers-paradise.komodoproject" server="C:/AppServ/www/gamers_paradise/" local="130124545287512014" remote="130124545280000000" Dst="0" />
<file name="gamers_paradise.ste" server="C:/AppServ/www/gamers_paradise/" local="130124635820430201" remote="130124635820000000" Dst="0" />
<file name="README.md" server="C:/AppServ/www/gamers_paradise/" local="130124545287272001" remote="130124545280000000" Dst="0" />
<file name=".gitignore" server="C:/AppServ/www/gamers_paradise/" local="130130692940200936" remote="130130692940000000" Dst="0" />
<file name="prelike.php" server="C:/AppServ/www/gamers_paradise/" local="130126315116091334" remote="130126315110000000" Dst="0" />
<file name="instrucciones.php" server="C:/AppServ/www/gamers_paradise/" local="130126340669832925" remote="130126340660000000" Dst="0" />
<file name="1305_v1.zip" server="C:/AppServ/www/gamers_paradise/" local="130130690984339067" remote="130130690980000000" Dst="0" />
<file name="games.json" server="C:/AppServ/www/gamers_paradise/" local="130134964707588870" remote="130134964700000000" Dst="0" />
<file name="process-json.php" server="C:/AppServ/www/gamers_paradise/" local="130134967730441767" remote="130134967730000000" Dst="0" />
<file name="datos.json" server="C:/AppServ/www/gamers_paradise/" local="130132486048209365" remote="130132486040000000" Dst="0" />
<file name="t.php" server="C:/AppServ/www/gamers_paradise/" local="130134964420512450" remote="130134964420000000" Dst="0" />
<file name=".gitignore" server="C:/AppServ/www/gamersparadise/" local="130135664846550707" remote="130135664840000000" Dst="0" />
<file name="1305_v1.zip" server="C:/AppServ/www/gamersparadise/" local="130135664846900964" remote="130135664840000000" Dst="0" />
<file name="datos.json" server="C:/AppServ/www/gamersparadise/" local="130135664848672125" remote="130135664840000000" Dst="0" />
<file name="exito.html" server="C:/AppServ/www/gamersparadise/" local="130135664848862259" remote="130135664840000000" Dst="0" />
<file name="gamers-paradise.komodoproject" server="C:/AppServ/www/gamersparadise/" local="130135664848872263" remote="130135664840000000" Dst="0" />
<file name="gamers_paradise.ste" server="C:/AppServ/www/gamersparadise/" local="130135664848882268" remote="130135664840000000" Dst="0" />
<file name="games.json" server="C:/AppServ/www/gamersparadise/" local="130135664848912290" remote="130135664840000000" Dst="0" />
<file name="instrucciones.html" server="C:/AppServ/www/gamersparadise/" local="130135664849552686" remote="130135664840000000" Dst="0" />
<file name="instrucciones.php" server="C:/AppServ/www/gamersparadise/" local="130135664849562703" remote="130135664840000000" Dst="0" />
<file name="instrucciones2.html" server="C:/AppServ/www/gamersparadise/" local="130135664849592712" remote="130135664840000000" Dst="0" />
<file name="prelike.html" server="C:/AppServ/www/gamersparadise/" local="130135664849662761" remote="130135664840000000" Dst="0" />
<file name="prelike.php" server="C:/AppServ/www/gamersparadise/" local="130135664849672774" remote="130135664840000000" Dst="0" />
<file name="process-json.php" server="C:/AppServ/www/gamersparadise/" local="130135664849682779" remote="130135664840000000" Dst="0" />
<file name="README.md" server="C:/AppServ/www/gamersparadise/" local="130135664847011015" remote="130135664840000000" Dst="0" />
<file name="t.php" server="C:/AppServ/www/gamersparadise/" local="130135664850273176" remote="130135664850000000" Dst="0" />
<file name="untitled.php" server="C:/AppServ/www/gamersparadise/" local="130135664850283188" remote="130135664850000000" Dst="0" />
</dwsync>