<?xml version="1.0" encoding="utf-8" ?>
<dwsync>
<<<<<<< HEAD
<file name="login.php" server="C:/AppServ/www/gamers_paradise/" local="130126324965840082" remote="130126324960000000" Dst="0" />
<file name="admin.php" server="C:/AppServ/www/gamers_paradise/" local="130126324964760021" remote="130126324960000000" Dst="0" />
<file name="logout.php" server="C:/AppServ/www/gamers_paradise/" local="130135035207913207" remote="130135035200000000" Dst="0" />
<file name="admin-intro.php" server="C:/AppServ/www/gamers_paradise/" local="130135035206513127" remote="130135035200000000" Dst="0" />
<file name="consoles.php" server="C:/AppServ/www/gamers_paradise/" local="130135035206543129" remote="130135035200000000" Dst="0" />
<file name="contestants.php" server="C:/AppServ/www/gamers_paradise/" local="130135035206583131" remote="130135035200000000" Dst="0" />
<file name="games.php" server="C:/AppServ/www/gamers_paradise/" local="130135035207603190" remote="130135035200000000" Dst="0" />
<file name="survey.php" server="C:/AppServ/www/gamers_paradise/" local="130135035207953210" remote="130135035200000000" Dst="0" />
<file name="users.php" server="C:/AppServ/www/gamers_paradise/" local="130135035207993212" remote="130135035200000000" Dst="0" />
<file name="add_user.php" server="C:/AppServ/www/gamers_paradise/" local="130135035206483126" remote="130135035200000000" Dst="0" />
<file name="edit_user.php" server="C:/AppServ/www/gamers_paradise/" local="130135035206743141" remote="130135035200000000" Dst="0" />
<file name="delete_user.php" server="C:/AppServ/www/gamers_paradise/" local="130135035206683137" remote="130135035200000000" Dst="0" />
<file name="filter_contestant.php" server="C:/AppServ/www/gamers_paradise/" local="130135035206763142" remote="130135035200000000" Dst="0" />
<file name="add_console.php" server="C:/AppServ/www/gamers_paradise/" local="130135035206433123" remote="130135035200000000" Dst="0" />
<file name="delete_console.php" server="C:/AppServ/www/gamers_paradise/" local="130135035206673137" remote="130135035200000000" Dst="0" />
<file name="edit_console.php" server="C:/AppServ/www/gamers_paradise/" local="130135035206703138" remote="130135035200000000" Dst="0" />
<file name="filtered_contestant.php" server="C:/AppServ/www/gamers_paradise/" local="130135035207513185" remote="130135035200000000" Dst="0" />
<file name="add-kevin.php" server="C:/AppServ/www/gamers_paradise/" local="130126426007251453" remote="130126426000000000" Dst="0" />
<file name="concursantes.php" server="C:/AppServ/www/gamers_paradise/" local="130126324964800023" remote="130126324960000000" Dst="0" />
<file name="consolas.php" server="C:/AppServ/www/gamers_paradise/" local="130126324964840025" remote="130126324960000000" Dst="0" />
<file name="cuestionario.php" server="C:/AppServ/www/gamers_paradise/" local="130126324965200046" remote="130126324960000000" Dst="0" />
<file name="edit-kevin.php" server="C:/AppServ/www/gamers_paradise/" local="130126426013351802" remote="130126426010000000" Dst="0" />
<file name="First.gif" server="C:/AppServ/www/gamers_paradise/" local="130135035206243112" remote="130135035200000000" Dst="0" />
<file name="juegos.php" server="C:/AppServ/www/gamers_paradise/" local="130126324965760078" remote="130126324960000000" Dst="0" />
<file name="kevin.php" server="C:/AppServ/www/gamers_paradise/" local="130126426013391805" remote="130126426010000000" Dst="0" />
<file name="Last.gif" server="C:/AppServ/www/gamers_paradise/" local="130135035206283114" remote="130135035200000000" Dst="0" />
<file name="Next.gif" server="C:/AppServ/www/gamers_paradise/" local="130135035206303115" remote="130135035200000000" Dst="0" />
<file name="Previous.gif" server="C:/AppServ/www/gamers_paradise/" local="130135035206323117" remote="130135035200000000" Dst="0" />
<file name="usuarios.php" server="C:/AppServ/www/gamers_paradise/" local="130126324966320110" remote="130126324960000000" Dst="0" />
=======
<file name="login.php" server="C:/AppServ/www/gamers_paradise/" local="130135820912775638" remote="130135820910000000" Dst="0" />
<file name="admin.php" server="C:/AppServ/www/gamers_paradise/" local="130126039080000000" remote="130126039080000000" Dst="0" />
<file name="logout.php" server="C:/AppServ/www/gamers_paradise/" local="130131550322008968" remote="130131550320000000" Dst="0" />
<file name="admin-intro.php" server="C:/AppServ/www/gamers_paradise/" local="130131548659663887" remote="130131548650000000" Dst="0" />
<file name="consoles.php" server="C:/AppServ/www/gamers_paradise/" local="130132412284190305" remote="130132412280000000" Dst="0" />
<file name="contestants.php" server="C:/AppServ/www/gamers_paradise/" local="130135831827549927" remote="130135831820000000" Dst="0" />
<file name="games.php" server="C:/AppServ/www/gamers_paradise/" local="130135846178670764" remote="130135846170000000" Dst="0" />
<file name="survey.php" server="C:/AppServ/www/gamers_paradise/" local="130131550270636030" remote="130131550270000000" Dst="0" />
<file name="users.php" server="C:/AppServ/www/gamers_paradise/" local="130135828463287502" remote="130135828460000000" Dst="0" />
<file name="add_user.php" server="C:/AppServ/www/gamers_paradise/" local="130131551001437829" remote="130131551000000000" Dst="0" />
<file name="edit_user.php" server="C:/AppServ/www/gamers_paradise/" local="130131550506369513" remote="130131550500000000" Dst="0" />
<file name="delete_user.php" server="C:/AppServ/www/gamers_paradise/" local="130131551029429430" remote="130131551020000000" Dst="0" />
<file name="filter_contestant.php" server="C:/AppServ/www/gamers_paradise/" local="130131575321548860" remote="130131575320000000" Dst="0" />
<file name="add_console.php" server="C:/AppServ/www/gamers_paradise/" local="130132410025821133" remote="130132410020000000" Dst="0" />
<file name="delete_console.php" server="C:/AppServ/www/gamers_paradise/" local="130132412196045263" remote="130132412190000000" Dst="0" />
<file name="edit_console.php" server="C:/AppServ/www/gamers_paradise/" local="130132412678542860" remote="130132412670000000" Dst="0" />
<file name="filtered_contestant.php" server="C:/AppServ/www/gamers_paradise/" local="130132402060000000" remote="130132402060000000" Dst="0" />
<<<<<<< HEAD
<file name="add-kevin.php" server="C:/AppServ/www/gamersparadise/" local="130135664847441296" remote="130135664840000000" Dst="0" />
<file name="add_console.php" server="C:/AppServ/www/gamersparadise/" local="130135664847451280" remote="130135664840000000" Dst="0" />
<file name="add_user.php" server="C:/AppServ/www/gamersparadise/" local="130135664847461318" remote="130135664840000000" Dst="0" />
<file name="admin-intro.php" server="C:/AppServ/www/gamersparadise/" local="130135664847471327" remote="130135664840000000" Dst="0" />
<file name="admin.php" server="C:/AppServ/www/gamersparadise/" local="130135664847491332" remote="130135664840000000" Dst="0" />
<file name="concursantes.php" server="C:/AppServ/www/gamersparadise/" local="130135664847501336" remote="130135664840000000" Dst="0" />
<file name="consolas.php" server="C:/AppServ/www/gamersparadise/" local="130135664847511345" remote="130135664840000000" Dst="0" />
<file name="consoles.php" server="C:/AppServ/www/gamersparadise/" local="130135664847521362" remote="130135664840000000" Dst="0" />
<file name="contestants.php" server="C:/AppServ/www/gamersparadise/" local="130135664847531359" remote="130135664840000000" Dst="0" />
<file name="cuestionario.php" server="C:/AppServ/www/gamersparadise/" local="130135664847601379" remote="130135664840000000" Dst="0" />
<file name="delete_console.php" server="C:/AppServ/www/gamersparadise/" local="130135664847611387" remote="130135664840000000" Dst="0" />
<file name="delete_user.php" server="C:/AppServ/www/gamersparadise/" local="130135664847631430" remote="130135664840000000" Dst="0" />
<file name="edit-kevin.php" server="C:/AppServ/www/gamersparadise/" local="130135664847641438" remote="130135664840000000" Dst="0" />
<file name="edit_console.php" server="C:/AppServ/www/gamersparadise/" local="130135664847651414" remote="130135664840000000" Dst="0" />
<file name="edit_user.php" server="C:/AppServ/www/gamersparadise/" local="130135664847661423" remote="130135664840000000" Dst="0" />
<file name="filtered_contestant.php" server="C:/AppServ/www/gamersparadise/" local="130135664847691457" remote="130135664840000000" Dst="0" />
<file name="filter_contestant.php" server="C:/AppServ/www/gamersparadise/" local="130135664847681465" remote="130135664840000000" Dst="0" />
<file name="First.gif" server="C:/AppServ/www/gamersparadise/" local="130135664847321216" remote="130135664840000000" Dst="0" />
<file name="games.php" server="C:/AppServ/www/gamersparadise/" local="130135664847701474" remote="130135664840000000" Dst="0" />
<file name="juegos.php" server="C:/AppServ/www/gamersparadise/" local="130135664848411964" remote="130135664840000000" Dst="0" />
<file name="kevin.php" server="C:/AppServ/www/gamersparadise/" local="130135664848431969" remote="130135664840000000" Dst="0" />
<file name="Last.gif" server="C:/AppServ/www/gamersparadise/" local="130135664847331204" remote="130135664840000000" Dst="0" />
<file name="login.php" server="C:/AppServ/www/gamersparadise/" local="130135664848441974" remote="130135664840000000" Dst="0" />
<file name="logout.php" server="C:/AppServ/www/gamersparadise/" local="130135664848451954" remote="130135664840000000" Dst="0" />
<file name="Next.gif" server="C:/AppServ/www/gamersparadise/" local="130135664847351246" remote="130135664840000000" Dst="0" />
<file name="Previous.gif" server="C:/AppServ/www/gamersparadise/" local="130135664847361243" remote="130135664840000000" Dst="0" />
<file name="survey.php" server="C:/AppServ/www/gamersparadise/" local="130135664848471988" remote="130135664840000000" Dst="0" />
<file name="users.php" server="C:/AppServ/www/gamersparadise/" local="130135664848481972" remote="130135664840000000" Dst="0" />
<file name="usuarios.php" server="C:/AppServ/www/gamersparadise/" local="130135664848491976" remote="130135664840000000" Dst="0" />
=======
>>>>>>> 9df7e77f0c73d80e23520ce39ea39aae483b1771
>>>>>>> 90f8df2b9aef43952e168a773044eca3a5a50b10
</dwsync>