<?xml version="1.0" encoding="utf-8" ?>
<dwsync>
<<<<<<< HEAD
<file name="login.php" server="C:/AppServ/www/gamers_paradise/" local="130135905493426221" remote="130135905490000000" Dst="0" />
<file name="admin.php" server="C:/AppServ/www/gamers_paradise/" local="130126324964760021" remote="130126324960000000" Dst="0" />
<file name="logout.php" server="C:/AppServ/www/gamers_paradise/" local="130135035207913207" remote="130135035200000000" Dst="0" />
<file name="admin-intro.php" server="C:/AppServ/www/gamers_paradise/" local="130135035206513127" remote="130135035200000000" Dst="0" />
<file name="consoles.php" server="C:/AppServ/www/gamers_paradise/" local="130139922867962510" remote="130139922860000000" Dst="0" />
<file name="contestants.php" server="C:/AppServ/www/gamers_paradise/" local="130135905492656177" remote="130135905490000000" Dst="0" />
<file name="games.php" server="C:/AppServ/www/gamers_paradise/" local="130139922868402535" remote="130139922860000000" Dst="0" />
<file name="survey.php" server="C:/AppServ/www/gamers_paradise/" local="130135035207953210" remote="130135035200000000" Dst="0" />
<file name="users.php" server="C:/AppServ/www/gamers_paradise/" local="130135035207993212" remote="130135035200000000" Dst="0" />
<file name="add_user.php" server="C:/AppServ/www/gamers_paradise/" local="130135035206483126" remote="130135035200000000" Dst="0" />
<file name="edit_user.php" server="C:/AppServ/www/gamers_paradise/" local="130135035206743141" remote="130135035200000000" Dst="0" />
<file name="delete_user.php" server="C:/AppServ/www/gamers_paradise/" local="130135035206683137" remote="130135035200000000" Dst="0" />
<file name="filter_contestant.php" server="C:/AppServ/www/gamers_paradise/" local="130135035206763142" remote="130135035200000000" Dst="0" />
<file name="add_console.php" server="C:/AppServ/www/gamers_paradise/" local="130135035206433123" remote="130135035200000000" Dst="0" />
<file name="delete_console.php" server="C:/AppServ/www/gamers_paradise/" local="130135035206673137" remote="130135035200000000" Dst="0" />
<file name="edit_console.php" server="C:/AppServ/www/gamers_paradise/" local="130135035206703138" remote="130135035200000000" Dst="0" />
<file name="filtered_contestant.php" server="C:/AppServ/www/gamers_paradise/" local="130135035207513185" remote="130135035200000000" Dst="0" />
=======
<file name="login.php" server="C:/AppServ/www/gamers_paradise/" local="130135820912775638" remote="130135820910000000" Dst="0" />
<file name="admin.php" server="C:/AppServ/www/gamers_paradise/" local="130126039080000000" remote="130126039080000000" Dst="0" />
<file name="logout.php" server="C:/AppServ/www/gamers_paradise/" local="130131550322008968" remote="130131550320000000" Dst="0" />
<file name="admin-intro.php" server="C:/AppServ/www/gamers_paradise/" local="130131548659663887" remote="130131548650000000" Dst="0" />
<file name="consoles.php" server="C:/AppServ/www/gamers_paradise/" local="130139807858659109" remote="130139807850000000" Dst="0" />
<file name="contestants.php" server="C:/AppServ/www/gamers_paradise/" local="130135831827549927" remote="130135831820000000" Dst="0" />
<file name="games.php" server="C:/AppServ/www/gamers_paradise/" local="130139894700046152" remote="130139894700000000" Dst="0" />
<file name="survey.php" server="C:/AppServ/www/gamers_paradise/" local="130131550270636030" remote="130131550270000000" Dst="0" />
<file name="users.php" server="C:/AppServ/www/gamers_paradise/" local="130135828463287502" remote="130135828460000000" Dst="0" />
<file name="add_user.php" server="C:/AppServ/www/gamers_paradise/" local="130131551001437829" remote="130131551000000000" Dst="0" />
<file name="edit_user.php" server="C:/AppServ/www/gamers_paradise/" local="130131550506369513" remote="130131550500000000" Dst="0" />
<file name="delete_user.php" server="C:/AppServ/www/gamers_paradise/" local="130131551029429430" remote="130131551020000000" Dst="0" />
<file name="filter_contestant.php" server="C:/AppServ/www/gamers_paradise/" local="130131575321548860" remote="130131575320000000" Dst="0" />
<file name="add_console.php" server="C:/AppServ/www/gamers_paradise/" local="130132410025821133" remote="130132410020000000" Dst="0" />
<file name="delete_console.php" server="C:/AppServ/www/gamers_paradise/" local="130132412196045263" remote="130132412190000000" Dst="0" />
<file name="edit_console.php" server="C:/AppServ/www/gamers_paradise/" local="130132412678542860" remote="130132412670000000" Dst="0" />
<file name="filtered_contestant.php" server="C:/AppServ/www/gamers_paradise/" local="130132402060000000" remote="130132402060000000" Dst="0" />
>>>>>>> b75fb3a4a1144d14505bbcbda3a3bae47b74a352
<file name="add_console.php" server="C:/AppServ/www/gamersparadise/" local="130135664847451280" remote="130135664840000000" Dst="0" />
<file name="add_user.php" server="C:/AppServ/www/gamersparadise/" local="130135664847461318" remote="130135664840000000" Dst="0" />
<file name="admin-intro.php" server="C:/AppServ/www/gamersparadise/" local="130135664847471327" remote="130135664840000000" Dst="0" />
<file name="admin.php" server="C:/AppServ/www/gamersparadise/" local="130135664847491332" remote="130135664840000000" Dst="0" />
<file name="consoles.php" server="C:/AppServ/www/gamersparadise/" local="130135664847521362" remote="130135664840000000" Dst="0" />
<file name="contestants.php" server="C:/AppServ/www/gamersparadise/" local="130135664847531359" remote="130135664840000000" Dst="0" />
<file name="delete_console.php" server="C:/AppServ/www/gamersparadise/" local="130135664847611387" remote="130135664840000000" Dst="0" />
<file name="delete_user.php" server="C:/AppServ/www/gamersparadise/" local="130135664847631430" remote="130135664840000000" Dst="0" />
<file name="edit_console.php" server="C:/AppServ/www/gamersparadise/" local="130135664847651414" remote="130135664840000000" Dst="0" />
<file name="edit_user.php" server="C:/AppServ/www/gamersparadise/" local="130135664847661423" remote="130135664840000000" Dst="0" />
<file name="filtered_contestant.php" server="C:/AppServ/www/gamersparadise/" local="130135664847691457" remote="130135664840000000" Dst="0" />
<file name="filter_contestant.php" server="C:/AppServ/www/gamersparadise/" local="130135664847681465" remote="130135664840000000" Dst="0" />
<file name="games.php" server="C:/AppServ/www/gamersparadise/" local="130135664847701474" remote="130135664840000000" Dst="0" />
<file name="login.php" server="C:/AppServ/www/gamersparadise/" local="130135664848441974" remote="130135664840000000" Dst="0" />
<file name="logout.php" server="C:/AppServ/www/gamersparadise/" local="130135664848451954" remote="130135664840000000" Dst="0" />
<file name="survey.php" server="C:/AppServ/www/gamersparadise/" local="130135664848471988" remote="130135664840000000" Dst="0" />
<file name="users.php" server="C:/AppServ/www/gamersparadise/" local="130135664848481972" remote="130135664840000000" Dst="0" />
<<<<<<< HEAD
<file name="consoles-json.php" server="C:/AppServ/www/gamers_paradise/" local="130139922867872505" remote="130139922860000000" Dst="0" />
<file name="game-detail.php" server="C:/AppServ/www/gamers_paradise/" local="130139922868172522" remote="130139922860000000" Dst="0" />
<file name="game-edit.php" server="C:/AppServ/www/gamers_paradise/" local="130139922868242526" remote="130139922860000000" Dst="0" />
<file name="games-json.php" server="C:/AppServ/www/gamers_paradise/" local="130139922868302529" remote="130139922860000000" Dst="0" />
<file name="usuarios.php" server="C:/AppServ/www/gamers_paradise/" local="130140974317840653" remote="130140974310000000" Dst="0" />
=======
<file name="consoles-json.php" server="C:/AppServ/www/gamers_paradise/" local="130139812532546440" remote="130139812530000000" Dst="0" />
<file name="game-detail.php" server="C:/AppServ/www/gamers_paradise/" local="130139901532236931" remote="130139901530000000" Dst="0" />
<file name="game-edit.php" server="C:/AppServ/www/gamers_paradise/" local="130139897563749947" remote="130139897560000000" Dst="0" />
<file name="games-json.php" server="C:/AppServ/www/gamers_paradise/" local="130139901234759917" remote="130139901230000000" Dst="0" />
<file name="usuarios.php" server="C:/AppServ/www/gamers_paradise/" local="130140966812805373" remote="130140966810000000" Dst="0" />
>>>>>>> b75fb3a4a1144d14505bbcbda3a3bae47b74a352
</dwsync>