<?xml version="1.0" encoding="utf-8" ?>
<dwsync>
<<<<<<< HEAD
=======
<<<<<<< HEAD
<file name="estilos.css" server="C:/AppServ/www/gamers_paradise/" local="130140940570144378" remote="130140940570000000" Dst="0" />
<file name="exito.css" server="C:/AppServ/www/gamers_paradise/" local="130126034360000000" remote="130126034360000000" Dst="0" />
<file name="instrucciones.css" server="C:/AppServ/www/gamers_paradise/" local="130126034360000000" remote="130126034360000000" Dst="0" />
<file name="reset.css" server="C:/AppServ/www/gamers_paradise/" local="130126034360000000" remote="130126034360000000" Dst="0" />
=======
<<<<<<< HEAD
>>>>>>> b75fb3a4a1144d14505bbcbda3a3bae47b74a352
<file name="estilos.css" server="C:/AppServ/www/gamers_paradise/" local="130140969870396274" remote="130140969870000000" Dst="0" />
<file name="exito.css" server="C:/AppServ/www/gamers_paradise/" local="130123427070126488" remote="130123427070000000" Dst="0" />
<file name="instrucciones.css" server="C:/AppServ/www/gamers_paradise/" local="130123427070146489" remote="130123427070000000" Dst="0" />
<file name="reset.css" server="C:/AppServ/www/gamers_paradise/" local="130123427070166490" remote="130123427070000000" Dst="0" />
<<<<<<< HEAD
=======
=======
<file name="estilos.css" server="C:/AppServ/www/gamers_paradise/" local="130140943201847683" remote="130140943200000000" Dst="0" />
<file name="exito.css" server="C:/AppServ/www/gamers_paradise/" local="130126317689624105" remote="130126317680000000" Dst="0" />
<file name="instrucciones.css" server="C:/AppServ/www/gamers_paradise/" local="130126317689654107" remote="130126317680000000" Dst="0" />
<file name="reset.css" server="C:/AppServ/www/gamers_paradise/" local="130126317689674108" remote="130126317680000000" Dst="0" />
>>>>>>> 05acc1aae7b04c6119e40e850775152e7fb45971
>>>>>>> d67e28f131bfd0eda2d5181a9cf5b48c1de5b0a7
>>>>>>> b75fb3a4a1144d14505bbcbda3a3bae47b74a352
<file name="estilos.css" server="C:/AppServ/www/gamersparadise/" local="130135664848552045" remote="130135664840000000" Dst="0" />
<file name="exito.css" server="C:/AppServ/www/gamersparadise/" local="130135664848582076" remote="130135664840000000" Dst="0" />
<file name="instrucciones.css" server="C:/AppServ/www/gamersparadise/" local="130135664848612094" remote="130135664840000000" Dst="0" />
<file name="reset.css" server="C:/AppServ/www/gamersparadise/" local="130135664848632107" remote="130135664840000000" Dst="0" />
<<<<<<< HEAD
<file name="sugerencias.css" server="C:/AppServ/www/gamers_paradise/" local="130140974317920658" remote="130140974310000000" Dst="0" />
<file name="sidebar.css" server="C:/AppServ/www/gamers_paradise/" local="130140934391815374" remote="130140934390000000" Dst="0" />
=======
<file name="sugerencias.css" server="C:/AppServ/www/gamers_paradise/" local="130140966812825374" remote="130140966810000000" Dst="0" />
<file name="sidebar.css" server="C:/AppServ/www/gamers_paradise/" local="130140923099925139" remote="130140923090000000" Dst="0" />
>>>>>>> b75fb3a4a1144d14505bbcbda3a3bae47b74a352
</dwsync>