<?xml version="1.0" encoding="utf-8" ?>
<dwsync>
<file name="bg.gif" server="C:/AppServ/www/gamers_paradise/" local="130123427070566513" remote="130123427070000000" Dst="0" />
<file name="button.png" server="C:/AppServ/www/gamers_paradise/" local="130123427070586514" remote="130123427070000000" Dst="0" />
<file name="img-campana2.png" server="C:/AppServ/www/gamers_paradise/" local="130123427070876531" remote="130123427070000000" Dst="0" />
<file name="img_campana.png" server="C:/AppServ/www/gamers_paradise/" local="130123427071176548" remote="130123427070000000" Dst="0" />
<file name="titulo-instrucciones.png" server="C:/AppServ/www/gamers_paradise/" local="130123427071216550" remote="130123427070000000" Dst="0" />
<file name="prelike.png" server="C:/AppServ/www/gamers_paradise/" local="130126324967120155" remote="130126324960000000" Dst="0" />
<file name="clic-like.png" server="C:/AppServ/www/gamers_paradise/" local="130126324966970147" remote="130126324960000000" Dst="0" />
<file name="hr.png" server="C:/AppServ/www/gamers_paradise/" local="130126324967030150" remote="130126324960000000" Dst="0" />
<file name="bg.png" server="C:/AppServ/www/gamers_paradise/" local="130126324966930145" remote="130126324960000000" Dst="0" />
<file name="console-tv.png" server="C:/AppServ/www/gamers_paradise/" local="130126426015631933" remote="130126426010000000" Dst="0" />
<file name="couch-friends.png" server="C:/AppServ/www/gamers_paradise/" local="130126426016011955" remote="130126426010000000" Dst="0" />
</dwsync>