<?xml version="1.0" encoding="utf-8" ?>
<dwsync>
<<<<<<< HEAD
<file name="jquery-1.9.1.min.js" server="C:/AppServ/www/gamers_paradise/" local="130126324965660072" remote="130126324960000000" Dst="0" />
<file name="main.js" server="C:/AppServ/www/gamers_paradise/" local="130126324965730076" remote="130126324960000000" Dst="0" />
<file name="validate.js" server="C:/AppServ/www/gamers_paradise/" local="130135035207883206" remote="130135035200000000" Dst="0" />
=======
<file name="jquery-1.9.1.min.js" server="C:/AppServ/www/gamers_paradise/" local="130126034360000000" remote="130126034360000000" Dst="0" />
<file name="main.js" server="C:/AppServ/www/gamers_paradise/" local="130126034360000000" remote="130126034360000000" Dst="0" />
<file name="validate.js" server="C:/AppServ/www/gamers_paradise/" local="130131541525105814" remote="130131541520000000" Dst="0" />
>>>>>>> b75fb3a4a1144d14505bbcbda3a3bae47b74a352
<file name="jquery-1.9.1.min.js" server="C:/AppServ/www/gamersparadise/" local="130135664848351920" remote="130135664840000000" Dst="0" />
<file name="main.js" server="C:/AppServ/www/gamersparadise/" local="130135664848371937" remote="130135664840000000" Dst="0" />
<file name="validate.js" server="C:/AppServ/www/gamersparadise/" local="130135664848401959" remote="130135664840000000" Dst="0" />
</dwsync>