<?xml version="1.0" encoding="utf-8" ?>
<dwsync>
<<<<<<< HEAD
<file name="bg.png" server="C:/AppServ/www/gamers_paradise/" local="130126284942765519" remote="130126284940000000" Dst="0" />
<file name="prelike.png" server="C:/AppServ/www/gamers_paradise/" local="130126288395742192" remote="130126288390000000" Dst="0" />
<file name="clic-like.png" server="C:/AppServ/www/gamers_paradise/" local="130126289610522499" remote="130126289610000000" Dst="0" />
<file name="hr.png" server="C:/AppServ/www/gamers_paradise/" local="130126303626414162" remote="130126303620000000" Dst="0" />
<file name="console-tv.png" server="C:/AppServ/www/gamers_paradise/" local="130126335654426060" remote="130126335650000000" Dst="0" />
<file name="couch-friends.png" server="C:/AppServ/www/gamers_paradise/" local="130126341838149749" remote="130126341830000000" Dst="0" />
<file name="bg.gif" server="C:/AppServ/www/gamersparadise/" local="130135664849212462" remote="130135664840000000" Dst="0" />
<file name="bg.png" server="C:/AppServ/www/gamersparadise/" local="130135664849242509" remote="130135664840000000" Dst="0" />
<file name="button.png" server="C:/AppServ/www/gamersparadise/" local="130135664849252518" remote="130135664840000000" Dst="0" />
<file name="clic-like.png" server="C:/AppServ/www/gamersparadise/" local="130135664849272535" remote="130135664840000000" Dst="0" />
<file name="console-tv.png" server="C:/AppServ/www/gamersparadise/" local="130135664849292540" remote="130135664840000000" Dst="0" />
<file name="couch-friends.png" server="C:/AppServ/www/gamersparadise/" local="130135664849312525" remote="130135664840000000" Dst="0" />
<file name="hr.png" server="C:/AppServ/www/gamersparadise/" local="130135664849332538" remote="130135664840000000" Dst="0" />
<file name="img-campana2.png" server="C:/AppServ/www/gamersparadise/" local="130135664849362589" remote="130135664840000000" Dst="0" />
<file name="img_campana.png" server="C:/AppServ/www/gamersparadise/" local="130135664849452619" remote="130135664840000000" Dst="0" />
<file name="prelike.png" server="C:/AppServ/www/gamersparadise/" local="130135664849502650" remote="130135664840000000" Dst="0" />
<file name="titulo-instrucciones.png" server="C:/AppServ/www/gamersparadise/" local="130135664849522668" remote="130135664840000000" Dst="0" />
=======
<file name="bg.png" server="C:/AppServ/www/gamers_paradise/" local="130126324966930145" remote="130126324960000000" Dst="0" />
<file name="prelike.png" server="C:/AppServ/www/gamers_paradise/" local="130126324967120155" remote="130126324960000000" Dst="0" />
<file name="clic-like.png" server="C:/AppServ/www/gamers_paradise/" local="130126324966970147" remote="130126324960000000" Dst="0" />
<file name="hr.png" server="C:/AppServ/www/gamers_paradise/" local="130126324967030150" remote="130126324960000000" Dst="0" />
<file name="console-tv.png" server="C:/AppServ/www/gamers_paradise/" local="130126426015631933" remote="130126426010000000" Dst="0" />
<file name="couch-friends.png" server="C:/AppServ/www/gamers_paradise/" local="130126426016011955" remote="130126426010000000" Dst="0" />
<file name="bg.gif" server="C:/AppServ/www/gamers_paradise/" local="130123427070566513" remote="130123427070000000" Dst="0" />
<file name="button.png" server="C:/AppServ/www/gamers_paradise/" local="130123427070586514" remote="130123427070000000" Dst="0" />
<file name="img-campana2.png" server="C:/AppServ/www/gamers_paradise/" local="130123427070876531" remote="130123427070000000" Dst="0" />
<file name="img_campana.png" server="C:/AppServ/www/gamers_paradise/" local="130123427071176548" remote="130123427070000000" Dst="0" />
<file name="titulo-instrucciones.png" server="C:/AppServ/www/gamers_paradise/" local="130123427071216550" remote="130123427070000000" Dst="0" />
>>>>>>> 90f8df2b9aef43952e168a773044eca3a5a50b10
</dwsync>